num_movies,avg_rating,rating_std,rating_trend,last_rating,year_gap,franchise_age,rating_range,recent_trend,avg_budget,avg_revenue,profitability,target
1,8.1,0.0,0.0,8.1,0.0,0.0,0.0,0.0,11000000.0,775398007.0,764398007.0,8.2
2,8.149999999999999,0.04999999999999982,0.09999999999999876,8.2,3.0,3.0,0.09999999999999964,0.09999999999999964,14500000.0,656899003.5,642399003.5,7.9
3,8.066666666666665,0.12472191289246427,-0.09999999999999931,7.9,3.0,6.0,0.29999999999999893,-0.29999999999999893,20450000.0,628832669.0,608382669.0,6.4
4,7.649999999999999,0.7297259759663209,-0.5400000000000014,6.4,16.0,22.0,1.799999999999999,-1.5,44087500.0,702703891.25,658616391.25,6.4
5,7.399999999999999,0.8221921916437783,-0.5199999999999998,6.4,3.0,25.0,1.799999999999999,0.0,59270000.0,692042778.6,632772778.6,7.1
6,7.349999999999999,0.7588368291888138,-0.3399999999999996,7.1,3.0,28.0,1.799999999999999,0.6999999999999993,68225000.0,718368982.1666666,650143982.1666666,7.5
7,7.371428571428571,0.7045044574821685,-0.1964285714285709,7.5,10.0,38.0,1.799999999999999,0.40000000000000036,93478571.42857143,911205359.5714285,817726788.1428571,7.4
1,7.7,0.0,0.0,7.7,0.0,0.0,0.0,0.0,18000000.0,389925971.0,371925971.0,7.1
2,7.4,0.30000000000000027,-0.6000000000000014,7.1,3.0,3.0,0.6000000000000005,-0.6000000000000005,23000000.0,361462985.5,338462985.5,7.6
3,7.466666666666666,0.2624669291337272,-0.05000000000000025,7.6,5.0,8.0,0.6000000000000005,0.5,31333333.333333332,399032592.3333333,367699259.0,5.7
1,8.0,0.0,0.0,8.0,0.0,0.0,0.0,0.0,93000000.0,871368364.0,778368364.0,8.0
2,8.0,0.0,-8.881784197001252e-16,8.0,1.0,1.0,0.0,0.0,86000000.0,898827882.0,812827882.0,8.1
1,6.2,0.0,0.0,6.2,0.0,0.0,0.0,0.0,35000000.0,139000000.0,104000000.0,7.3
2,6.75,0.5499999999999998,1.0999999999999979,7.3,3.0,3.0,1.0999999999999996,1.0999999999999996,23500000.0,117900000.0,94400000.0,6.4
3,6.633333333333333,0.47842333648024393,0.1000000000000005,6.4,2.0,5.0,1.0999999999999996,-0.8999999999999995,21666666.666666668,107600000.0,85933333.33333333,6.9
4,6.699999999999999,0.4301162633521312,0.11999999999999915,6.9,2.0,7.0,1.0999999999999996,0.5,22250000.0,113950000.0,91700000.0,5.6
5,6.4799999999999995,0.5844655678480984,-0.16000000000000061,5.6,3.0,10.0,1.7000000000000002,-1.3000000000000007,23800000.0,105200000.0,81400000.0,6.7
1,8.5,0.0,0.0,8.5,0.0,0.0,0.0,0.0,6000000.0,245066411.0,239066411.0,8.3
2,8.4,0.09999999999999964,-0.20000000000000107,8.3,2.0,2.0,0.1999999999999993,-0.1999999999999993,9500000.0,146304626.0,136804626.0,7.1
1,7.5,0.0,0.0,7.5,0.0,0.0,0.0,0.0,150000000.0,374218673.0,224218673.0,8.3
2,7.9,0.40000000000000036,0.7999999999999989,8.3,3.0,3.0,0.8000000000000007,0.8000000000000007,167500000.0,689388558.5,521888558.5,7.6
1,8.0,0.0,0.0,8.0,0.0,0.0,0.0,0.0,19000000.0,381109762.0,362109762.0,7.4
2,7.7,0.2999999999999998,-0.5999999999999996,7.4,4.0,4.0,0.5999999999999996,-0.5999999999999996,29500000.0,356554881.0,327054881.0,7.1
1,7.5,0.0,0.0,7.5,0.0,0.0,0.0,0.0,140000000.0,655011224.0,515011224.0,7.0
2,7.25,0.25,-0.5000000000000027,7.0,3.0,3.0,0.5,-0.5,170000000.0,860335518.0,690335518.0,6.9
3,7.133333333333333,0.26246692913372693,-0.30000000000000027,6.9,1.0,4.0,0.5999999999999996,-0.09999999999999964,213333333.33333334,893890345.3333334,680557012.0,6.4
4,6.949999999999999,0.3905124837953326,-0.34000000000000075,6.4,4.0,8.0,1.0999999999999996,-0.5,255000000.0,931846209.5,676846209.5,6.6
1,7.6,0.0,0.0,7.6,0.0,0.0,0.0,0.0,63000000.0,920100000.0,857100000.0,6.2
2,6.9,0.6999999999999997,-1.4000000000000004,6.2,4.0,4.0,1.3999999999999995,-1.3999999999999995,68000000.0,574587262.0,506587262.0,5.7
3,6.5,0.8041558721209877,-0.95,5.7,4.0,8.0,1.8999999999999995,-0.5,76333333.33333333,505985111.0,429651777.6666667,6.5
1,7.3,0.0,0.0,7.3,0.0,0.0,0.0,0.0,18000000.0,98235548.0,80235548.0,6.0
2,6.65,0.6499999999999999,-1.3000000000000007,6.0,3.0,3.0,1.2999999999999998,-1.2999999999999998,26500000.0,77677933.0,51177933.0,6.0
1,6.7,0.0,0.0,6.7,0.0,0.0,0.0,0.0,180000000.0,748806957.0,568806957.0,6.3
2,6.5,0.20000000000000018,-0.40000000000000124,6.3,3.0,3.0,0.40000000000000036,-0.40000000000000036,202500000.0,584229185.0,381729185.0,6.2
1,6.5,0.0,0.0,6.5,0.0,0.0,0.0,0.0,4000000.0,12121618.0,8121618.0,6.1
2,6.3,0.20000000000000018,-0.40000000000000124,6.1,1.0,1.0,0.40000000000000036,-0.40000000000000036,2989000.0,11060809.0,8071809.0,5.4
3,6.0,0.454606056566195,-0.5500000000000004,5.4,1.0,2.0,1.0999999999999996,-0.6999999999999993,2706666.6666666665,7859872.666666667,5153206.0,5.5
1,7.4,0.0,0.0,7.4,0.0,0.0,0.0,0.0,6400000.0,78371200.0,71971200.0,7.7
2,7.550000000000001,0.1499999999999999,0.29999999999999805,7.7,7.0,7.0,0.2999999999999998,0.2999999999999998,53200000.0,299185600.0,245985600.0,5.9
3,7.0,0.7874007874011811,-0.7499999999999994,5.9,12.0,19.0,1.7999999999999998,-1.7999999999999998,102133333.33333333,344457066.6666667,242323733.33333337,5.9
4,6.725,0.8317902379807063,-0.630000000000001,5.9,6.0,25.0,1.7999999999999998,0.0,126600000.0,351181050.25,224581050.25,5.8
1,6.8,0.0,0.0,6.8,0.0,0.0,0.0,0.0,139000000.0,821708551.0,682708551.0,6.7
2,6.75,0.04999999999999982,-0.10000000000000053,6.7,2.0,2.0,0.09999999999999964,-0.09999999999999964,169500000.0,802737446.0,633237446.0,5.9
1,6.9,0.0,0.0,6.9,0.0,0.0,0.0,0.0,950000.0,59600000.0,58650000.0,6.9
2,6.9,0.0,-8.881784197001252e-16,6.9,1.0,1.0,0.0,0.0,1475000.0,69249382.5,67774382.5,7.2
3,7.0,0.14142135623730942,0.14999999999999955,7.2,1.0,2.0,0.2999999999999998,0.2999999999999998,1816666.6666666667,87793275.66666667,85976609.0,6.5
4,6.875,0.24874685927665507,-0.09000000000000102,6.5,1.0,3.0,0.7000000000000002,-0.7000000000000002,2737500.0,101143871.25,98406371.25,5.3
5,6.56,0.6681317235396028,-0.36000000000000054,5.3,2.0,5.0,1.9000000000000004,-1.2000000000000002,4590000.0,89264040.6,84674040.6,6.5
6,6.55,0.6103277807866854,-0.2142857142857135,6.5,0.0,5.0,1.9000000000000004,1.2000000000000002,5408333.333333333,92984165.0,87575831.66666667,6.5
7,6.542857142857143,0.5653245410688396,-0.13928571428571435,6.5,2.0,7.0,1.9000000000000004,0.0,5564285.714285715,91411354.71428572,85847069.0,6.3
8,6.5125,0.5348773223833668,-0.11309523809523796,6.3,2.0,9.0,1.9000000000000004,-0.20000000000000018,5768750.0,94487378.75,88718628.75,6.4
9,6.5,0.5055250296034368,-0.086666666666667,6.4,2.0,11.0,1.9000000000000004,0.10000000000000053,5905555.555555556,101964096.22222222,96058540.66666667,6.4
10,6.49,0.48052055106935865,-0.06848484848484819,6.4,1.0,12.0,1.9000000000000004,0.0,6015000.0,101524886.6,95509886.6,6.6
11,6.5,0.45924839782963967,-0.04636363636363627,6.6,3.0,15.0,1.9000000000000004,0.1999999999999993,6740909.090909091,109153412.63636364,102412503.54545455,5.9
12,6.45,0.46992907266238954,-0.05874125874125863,5.9,2.0,17.0,1.9000000000000004,-0.6999999999999993,9012500.0,117582969.83333333,108570469.83333333,6.3
13,6.438461538461539,0.4532590726971151,-0.05109890109890104,6.3,2.0,19.0,1.9000000000000004,0.39999999999999947,10473076.923076924,123562187.6923077,113089110.76923077,6.2
14,6.421428571428572,0.4410678137503696,-0.047692307692307645,6.2,2.0,21.0,1.9000000000000004,-0.09999999999999964,11689285.714285715,128129174.28571428,116439888.57142857,5.8
15,6.38,0.45343136195018546,-0.05428571428571421,5.8,0.0,21.0,1.9000000000000004,-0.40000000000000036,13310000.0,130253896.0,116943896.0,6.0
16,6.35625,0.44856542164995294,-0.053088235294117395,6.0,2.0,23.0,1.9000000000000004,0.20000000000000018,14353125.0,131639775.0,117286650.0,6.2
17,6.347058823529412,0.4367226163122492,-0.047303921568627595,6.2,2.0,25.0,1.9000000000000004,0.20000000000000018,15861764.705882354,135142488.05882353,119280723.35294117,5.9
18,6.322222222222223,0.43659739343085563,-0.04767801857585155,5.9,2.0,27.0,1.9000000000000004,-0.2999999999999998,16758333.333333334,136310517.33333334,119552184.00000001,6.6
19,6.336842105263158,0.42945562397527054,-0.03614035087719305,6.6,6.0,33.0,1.9000000000000004,0.6999999999999993,18928947.36842105,147672807.68421054,128743860.31578949,6.0
20,6.32,0.4249705872175156,-0.035789473684210496,6.0,2.0,35.0,1.9000000000000004,-0.5999999999999996,23482500.0,156939720.7,133457220.69999999,6.0
21,6.3047619047619055,0.4202903650212615,-0.035064935064935014,6.0,2.0,37.0,1.9000000000000004,0.0,28792857.14285714,166696514.95238096,137903657.80952382,5.8
22,6.281818181818182,0.4238742991590825,-0.036476566911349484,5.8,3.0,40.0,1.9000000000000004,-0.20000000000000018,33847727.27272727,178754451.36363637,144906724.0909091,7.3
23,6.32608695652174,0.4636503473658533,-0.0208498023715415,7.3,4.0,44.0,2.0,1.5,38897826.08695652,197027995.2173913,158130169.13043478,6.1
24,6.316666666666666,0.45613107278013365,-0.02060869565217406,6.1,2.0,46.0,2.0,-1.2000000000000002,45610416.666666664,213238942.375,167628525.70833334,6.9
25,6.34,0.4613025037868319,-0.012846153846153644,6.9,4.0,50.0,2.0,0.8000000000000007,51786000.0,249051825.2,197265825.2,6.3
1,7.2,0.0,0.0,7.2,0.0,0.0,0.0,0.0,1200000.0,103911669.0,102711669.0,6.3
2,6.75,0.4500000000000002,-0.9000000000000004,6.3,1.0,1.0,0.9000000000000004,-0.9000000000000004,2600000.0,128418381.0,125818381.0,6.1
3,6.533333333333334,0.4784233364802444,-0.5500000000000004,6.1,1.0,2.0,1.1000000000000005,-0.20000000000000018,5066666.666666667,140237859.0,135171192.33333334,5.9
4,6.375,0.4968651728587948,-0.41000000000000103,5.9,1.0,3.0,1.2999999999999998,-0.1999999999999993,6300000.0,140016552.5,133716552.5,6.0
5,6.3,0.469041575982343,-0.2800000000000001,6.0,1.0,4.0,1.2999999999999998,0.09999999999999964,7200000.0,134784748.6,127584748.6,6.0
6,6.25,0.4425306015783918,-0.2028571428571417,6.0,1.0,5.0,1.2999999999999998,0.0,7833333.333333333,123692895.33333333,115859562.0,5.8
1,6.5,0.0,0.0,6.5,0.0,0.0,0.0,0.0,45000000.0,131183530.0,86183530.0,6.3
2,6.4,0.10000000000000009,-0.20000000000000018,6.3,4.0,4.0,0.20000000000000018,-0.20000000000000018,49500000.0,143096781.0,93596781.0,5.7
1,6.8,0.0,0.0,6.8,0.0,0.0,0.0,0.0,75000000.0,296339527.0,221339527.0,6.8
2,6.8,0.0,-8.881784197001252e-16,6.8,3.0,3.0,0.0,0.0,92500000.0,352025538.0,259525538.0,6.3
3,6.633333333333333,0.23570226039551584,-0.2500000000000012,6.3,3.0,6.0,0.5,-0.5,131666666.66666667,387803543.6666667,256136877.0,7.1
4,6.75,0.28722813232690136,0.03999999999999885,7.1,5.0,11.0,0.7999999999999998,0.7999999999999998,138750000.0,379258688.75,240508688.75,7.5
5,6.9,0.39496835316263007,0.16999999999999962,7.5,3.0,14.0,1.2000000000000002,0.40000000000000036,161000000.0,452979506.0,291979506.0,6.4
1,6.7,0.0,0.0,6.7,0.0,0.0,0.0,0.0,5000000.0,41833347.0,36833347.0,6.8
2,6.75,0.04999999999999982,0.09999999999999876,6.8,1.0,1.0,0.09999999999999964,0.09999999999999964,5500000.0,37833274.0,32333274.0,3.6
3,5.7,1.4854853303438127,-1.5499999999999998,3.6,7.0,8.0,3.1999999999999997,-3.1999999999999997,7333333.333333333,26719511.333333332,19386178.0,3.8
1,7.0,0.0,0.0,7.0,0.0,0.0,0.0,0.0,15000000.0,120207127.0,105207127.0,6.7
2,6.85,0.1499999999999999,-0.3000000000000007,6.7,2.0,2.0,0.2999999999999998,-0.2999999999999998,20000000.0,174030556.5,154030556.5,6.4
3,6.7,0.2449489742783177,-0.2999999999999999,6.4,3.0,5.0,0.5999999999999996,-0.2999999999999998,25000000.0,223264213.33333334,198264213.33333334,6.3
1,6.5,0.0,0.0,6.5,0.0,0.0,0.0,0.0,16500000.0,67683989.0,51183989.0,6.1
2,6.3,0.20000000000000018,-0.40000000000000124,6.1,2.0,2.0,0.40000000000000036,-0.40000000000000036,24750000.0,189312037.5,164562037.5,5.9
1,7.5,0.0,0.0,7.5,0.0,0.0,0.0,0.0,125000000.0,976475550.0,851475550.0,7.4
2,7.45,0.04999999999999982,-0.10000000000000053,7.4,1.0,1.0,0.09999999999999964,-0.09999999999999964,112500000.0,926582016.0,814082016.0,7.7
3,7.533333333333334,0.12472191289246468,0.1000000000000017,7.7,2.0,3.0,0.2999999999999998,0.2999999999999998,118333333.33333333,880989528.6666666,762656195.3333333,7.5
4,7.525,0.1089724735885168,0.0299999999999986,7.5,1.0,4.0,0.2999999999999998,-0.20000000000000018,126250000.0,884722405.5,758472405.5,7.4
5,7.5,0.10954451150103316,-0.010000000000000484,7.4,2.0,6.0,0.2999999999999998,-0.09999999999999964,131000000.0,895420472.0,764420472.0,7.4
6,7.483333333333333,0.1067187372905474,-0.019999999999999483,7.4,2.0,8.0,0.2999999999999998,0.0,150833333.33333334,901843592.8333334,751010259.5,7.5
7,7.485714285714286,0.09897433186107862,-0.010714285714285905,7.5,1.0,9.0,0.2999999999999998,0.09999999999999964,165000000.0,909338203.5714285,744338203.5714285,7.9
1,7.5,0.0,0.0,7.5,0.0,0.0,0.0,0.0,28000000.0,140767956.0,112767956.0,6.6
2,7.05,0.4500000000000002,-0.900000000000003,6.6,2.0,2.0,0.9000000000000004,-0.9000000000000004,49000000.0,190399525.0,141399525.0,6.9
3,7.0,0.3741657386773942,-0.3000000000000007,6.9,5.0,7.0,0.9000000000000004,0.3000000000000007,62666666.666666664,248966905.33333334,186300238.6666667,6.4
4,6.85,0.4153311931459037,-0.3000000000000012,6.4,12.0,19.0,1.0999999999999996,-0.5,74500000.0,282608045.0,208108045.0,5.2
1,7.5,0.0,0.0,7.5,0.0,0.0,0.0,0.0,1000000.0,117235147.0,116235147.0,6.9
2,7.2,0.2999999999999998,-0.6000000000000005,6.9,3.0,3.0,0.5999999999999996,-0.5999999999999996,4000000.0,158708653.5,154708653.5,6.6
3,7.0,0.3741657386773943,-0.45000000000000023,6.6,3.0,6.0,0.9000000000000004,-0.3000000000000007,8333333.333333333,195805769.0,187472435.66666666,6.6
4,6.9,0.3674234614174769,-0.30000000000000165,6.6,3.0,9.0,0.9000000000000004,0.0,14000000.0,221972755.75,207972755.75,5.3
5,6.58,0.719444229944198,-0.4699999999999997,5.3,5.0,14.0,2.2,-1.2999999999999998,19600000.0,201567476.2,181967476.2,6.5
6,6.566666666666666,0.6574360974438673,-0.27999999999999925,6.5,16.0,30.0,2.2,1.2000000000000002,20333333.333333332,193926418.83333334,173593085.5,7.3
1,6.5,0.0,0.0,6.5,0.0,0.0,0.0,0.0,13500000.0,202000000.0,188500000.0,5.8
2,6.15,0.3500000000000001,-0.7000000000000011,5.8,1.0,1.0,0.7000000000000002,-0.7000000000000002,19250000.0,140000000.0,120750000.0,5.1
1,7.5,0.0,0.0,7.5,0.0,0.0,0.0,0.0,5800000.0,33395426.0,27595426.0,6.2
2,6.85,0.6499999999999999,-1.3000000000000016,6.2,2.0,2.0,1.2999999999999998,-1.2999999999999998,4400000.0,26197572.0,21797572.0,6.3
3,6.666666666666667,0.590668171555645,-0.6000000000000002,6.3,1.0,3.0,1.2999999999999998,0.09999999999999964,3766666.6666666665,21581349.666666668,17814683.0,6.1
4,6.525,0.5673402858955109,-0.41000000000000175,6.1,1.0,4.0,1.4000000000000004,-0.20000000000000018,3250000.0,18611012.25,15361012.25,5.5
1,6.6,0.0,0.0,6.6,0.0,0.0,0.0,0.0,80000000.0,415885488.0,335885488.0,6.0
2,6.3,0.2999999999999998,-0.5999999999999996,6.0,2.0,2.0,0.5999999999999996,-0.5999999999999996,89000000.0,424449381.0,335449381.0,5.2
1,5.8,0.0,0.0,5.8,0.0,0.0,0.0,0.0,10000000.0,183474602.0,173474602.0,5.3
2,5.55,0.25,-0.5000000000000004,5.3,2.0,2.0,0.5,-0.5,15000000.0,111309220.5,96309220.5,5.3
1,7.3,0.0,0.0,7.3,0.0,0.0,0.0,0.0,60000000.0,484409218.0,424409218.0,6.7
2,7.0,0.2999999999999998,-0.6000000000000014,6.7,3.0,3.0,0.5999999999999996,-0.5999999999999996,105000000.0,702123988.0,597123988.0,6.0
3,6.666666666666667,0.5312459150169742,-0.6500000000000016,6.0,3.0,6.0,1.2999999999999998,-0.7000000000000002,123333333.33333333,734402047.0,611068713.6666666,6.0
1,6.6,0.0,0.0,6.6,0.0,0.0,0.0,0.0,22000000.0,95708457.0,73708457.0,6.4
2,6.5,0.09999999999999964,-0.20000000000000018,6.4,3.0,3.0,0.1999999999999993,-0.1999999999999993,36000000.0,103524629.0,67524629.0,6.2
3,6.3999999999999995,0.163299316185545,-0.19999999999999982,6.2,3.0,6.0,0.39999999999999947,-0.20000000000000018,35666666.666666664,99467586.33333333,63800919.666666664,6.1
4,6.324999999999999,0.19202864369671518,-0.1700000000000011,6.1,3.0,9.0,0.5,-0.10000000000000053,44250000.0,114628857.5,70378857.5,5.2
1,7.9,0.0,0.0,7.9,0.0,0.0,0.0,0.0,63000000.0,463517383.0,400517383.0,6.7
2,7.300000000000001,0.6000000000000001,-1.200000000000001,6.7,4.0,4.0,1.2000000000000002,-1.2000000000000002,106500000.0,601058542.0,494558542.0,6.4
1,7.5,0.0,0.0,7.5,0.0,0.0,0.0,0.0,7000000.0,470654000.0,463654000.0,5.9
2,6.7,0.7999999999999998,-1.5999999999999996,5.9,3.0,3.0,1.5999999999999996,-1.5999999999999996,13500000.0,329269003.5,315769003.5,4.2
3,5.866666666666667,1.3474255287605157,-1.65,4.2,5.0,8.0,3.3,-1.7000000000000002,15833333.333333334,248841687.33333334,233008354.0,3.5
1,7.0,0.0,0.0,7.0,0.0,0.0,0.0,0.0,14000000.0,173046663.0,159046663.0,6.1
2,6.55,0.4500000000000002,-0.9000000000000012,6.1,1.0,1.0,0.9000000000000004,-0.9000000000000004,19000000.0,172704982.0,153704982.0,5.7
3,6.266666666666667,0.5436502143433364,-0.6499999999999996,5.7,3.0,4.0,1.2999999999999998,-0.39999999999999947,26000000.0,169081413.33333334,143081413.33333334,6.1
1,6.7,0.0,0.0,6.7,0.0,0.0,0.0,0.0,23000000.0,53187659.0,30187659.0,6.3
2,6.5,0.20000000000000018,-0.40000000000000124,6.3,4.0,4.0,0.40000000000000036,-0.40000000000000036,64000000.0,84480196.0,20480196.0,6.2
1,6.4,0.0,0.0,6.4,0.0,0.0,0.0,0.0,11000000.0,235483004.0,224483004.0,6.0
2,6.2,0.20000000000000018,-0.40000000000000124,6.0,2.0,2.0,0.40000000000000036,-0.40000000000000036,20500000.0,261518299.5,241018299.5,6.0
3,6.133333333333333,0.18856180831641287,-0.2000000000000006,6.0,2.0,4.0,0.40000000000000036,0.0,32000000.0,251495267.33333334,219495267.33333334,6.1
1,7.3,0.0,0.0,7.3,0.0,0.0,0.0,0.0,30000000.0,295212467.0,265212467.0,6.3
2,6.8,0.5,-1.0000000000000018,6.3,5.0,5.0,1.0,-1.0,33500000.0,255303602.5,221803602.5,5.3
1,6.0,0.0,0.0,6.0,0.0,0.0,0.0,0.0,19000000.0,278019771.0,259019771.0,5.4
2,5.7,0.2999999999999998,-0.5999999999999996,5.4,1.0,1.0,0.5999999999999996,-0.5999999999999996,32000000.0,209620224.5,177620224.5,5.8
3,5.733333333333333,0.24944382578492927,-0.1000000000000005,5.8,2.0,3.0,0.5999999999999996,0.39999999999999947,37333333.333333336,213304555.33333334,175971222.0,5.3
4,5.625,0.28613807855648987,-0.17000000000000084,5.3,3.0,6.0,0.7000000000000002,-0.5,39250000.0,204544071.5,165294071.5,4.6
1,7.2,0.0,0.0,7.2,0.0,0.0,0.0,0.0,15000000.0,125212904.0,110212904.0,6.3
2,6.75,0.4500000000000002,-0.9000000000000004,6.3,3.0,3.0,0.9000000000000004,-0.9000000000000004,29500000.0,212806668.0,183306668.0,5.7
3,6.3999999999999995,0.6164414002968976,-0.7499999999999998,5.7,3.0,6.0,1.5,-0.5999999999999996,40666666.666666664,204876315.66666666,164209649.0,6.4
1,7.1,0.0,0.0,7.1,0.0,0.0,0.0,0.0,13000000.0,53000000.0,40000000.0,5.6
2,6.35,0.75,-1.5,5.6,3.0,3.0,1.5,-1.5,24000000.0,49340586.5,25340586.5,4.2
3,5.633333333333333,1.1841546445554405,-1.4499999999999997,4.2,3.0,6.0,2.8999999999999995,-1.3999999999999995,23333333.333333332,36459127.666666664,13125794.333333332,5.7
1,6.8,0.0,0.0,6.8,0.0,0.0,0.0,0.0,16000000.0,5900000.0,-10100000.0,4.5
2,5.65,1.15,-2.2999999999999994,4.5,5.0,5.0,2.3,-2.3,23000000.0,10728170.0,-12271830.0,4.5
3,5.266666666666667,1.0842303978193728,-1.1500000000000006,4.5,3.0,8.0,2.3,0.0,24000000.0,19418780.0,-4581220.0,4.4
1,7.9,0.0,0.0,7.9,0.0,0.0,0.0,0.0,11000000.0,104931801.0,93931801.0,7.7
2,7.800000000000001,0.10000000000000009,-0.20000000000000195,7.7,7.0,7.0,0.20000000000000018,-0.20000000000000018,14750000.0,144124128.0,129374128.0,6.2
3,7.266666666666667,0.758653778449403,-0.8499999999999991,6.2,6.0,13.0,1.7000000000000002,-1.5,26500000.0,149340600.33333334,122840600.33333334,5.9
1,7.1,0.0,0.0,7.1,0.0,0.0,0.0,0.0,59000000.0,383257136.0,324257136.0,6.5
2,6.8,0.2999999999999998,-0.6000000000000005,6.5,4.0,4.0,0.5999999999999996,-0.5999999999999996,69500000.0,522098958.0,452598958.0,6.5
3,6.7,0.28284271247461884,-0.2999999999999999,6.5,3.0,7.0,0.5999999999999996,0.0,76333333.33333333,643628244.3333334,567294911.0,6.2
4,6.575,0.32691742076555036,-0.27000000000000096,6.2,3.0,10.0,0.8999999999999995,-0.2999999999999998,81000000.0,702032378.75,621032378.75,5.6
1,6.9,0.0,0.0,6.9,0.0,0.0,0.0,0.0,55000000.0,300218018.0,245218018.0,6.5
2,6.7,0.20000000000000018,-0.40000000000000124,6.5,2.0,2.0,0.40000000000000036,-0.40000000000000036,54500000.0,245338362.0,190838362.0,5.3
3,6.233333333333333,0.6798692684790382,-0.8000000000000005,5.3,3.0,5.0,1.6000000000000005,-1.2000000000000002,49333333.333333336,188842449.33333334,139509116.0,4.1
4,5.699999999999999,1.0954451150103326,-0.9600000000000013,4.1,4.0,9.0,2.8000000000000007,-1.2000000000000002,41250000.0,146456837.0,105206837.0,5.4
1,6.9,0.0,0.0,6.9,0.0,0.0,0.0,0.0,8000000.0,90815558.0,82815558.0,5.9
2,6.4,0.5,-0.9999999999999991,5.9,2.0,2.0,1.0,-1.0,4000056.5,102959768.5,98959712.0,4.8
1,7.2,0.0,0.0,7.2,0.0,0.0,0.0,0.0,1800000.0,25504513.0,23704513.0,5.7
2,6.45,0.75,-1.5,5.7,1.0,1.0,1.5,-1.5,2400000.0,27751863.0,25351863.0,6.5
3,6.466666666666666,0.6128258770283411,-0.3500000000000006,6.5,2.0,3.0,1.5,0.7999999999999998,3266666.6666666665,33432316.0,30165649.333333332,5.8
4,6.3,0.6041522986797286,-0.34000000000000147,5.8,1.0,4.0,1.5,-0.7000000000000002,4200000.0,43199237.0,38999237.0,5.5
5,6.14,0.6280127387243033,-0.33000000000000024,5.5,1.0,5.0,1.7000000000000002,-0.2999999999999998,4960000.0,38993061.4,34033061.4,5.1
6,5.966666666666666,0.6920179830675567,-0.3371428571428568,5.1,2.0,7.0,2.1000000000000005,-0.40000000000000036,5966666.666666667,38306223.333333336,32339556.666666668,6.4
7,6.028571428571428,0.6583839212458809,-0.16428571428571412,6.4,3.0,10.0,2.1000000000000005,1.3000000000000007,7114285.714285715,35418217.28571428,28303931.571428567,5.5
1,6.6,0.0,0.0,6.6,0.0,0.0,0.0,0.0,150000000.0,709709780.0,559709780.0,6.0
2,6.3,0.2999999999999998,-0.5999999999999996,6.0,2.0,2.0,0.5999999999999996,-0.5999999999999996,150000000.0,773003504.0,623003504.0,6.1
3,6.233333333333333,0.26246692913372693,-0.25000000000000006,6.1,2.0,4.0,0.5999999999999996,0.09999999999999964,165000000.0,889918001.3333334,724918001.3333334,5.8
4,6.125,0.2947456530637898,-0.23000000000000068,5.8,3.0,7.0,0.7999999999999998,-0.2999999999999998,176250000.0,940289775.25,764039775.25,6.2
1,6.4,0.0,0.0,6.4,0.0,0.0,0.0,0.0,23000000.0,53302314.0,30302314.0,5.9
2,6.15,0.25,-0.5000000000000009,5.9,3.0,3.0,0.5,-0.5,24500000.0,71864359.5,47364359.5,5.8
3,6.033333333333334,0.2624669291337272,-0.3000000000000007,5.8,3.0,6.0,0.6000000000000005,-0.10000000000000053,24666666.666666668,87149292.33333333,62482625.66666666,5.4
4,5.875,0.3561951712193752,-0.3100000000000005,5.4,3.0,9.0,1.0,-0.39999999999999947,28500000.0,111903754.0,83403754.0,5.9
1,6.9,0.0,0.0,6.9,0.0,0.0,0.0,0.0,1000000.0,14564027.0,13564027.0,6.3
2,6.6,0.30000000000000027,-0.6000000000000005,6.3,1.0,1.0,0.6000000000000005,-0.6000000000000005,2000000.0,13327381.0,11327381.0,5.3
3,6.166666666666667,0.6599663291074446,-0.8000000000000013,5.3,4.0,5.0,1.6000000000000005,-1.0,3000000.0,13063241.0,10063241.0,4.9
1,6.6,0.0,0.0,6.6,0.0,0.0,0.0,0.0,25000000.0,281929795.0,256929795.0,6.1
2,6.35,0.25,-0.5000000000000009,6.1,3.0,3.0,0.5,-0.5,37500000.0,161066407.5,123566407.5,6.3
1,6.6,0.0,0.0,6.6,0.0,0.0,0.0,0.0,400000.0,100000000.0,99600000.0,7.3
2,6.949999999999999,0.3500000000000001,0.6999999999999984,7.3,2.0,2.0,0.7000000000000002,0.7000000000000002,1200000.0,62300416.0,61100416.0,5.9
3,6.599999999999999,0.5715476066494081,-0.3499999999999986,5.9,4.0,6.0,1.3999999999999995,-1.3999999999999995,4901841.0,53610350.333333336,48708509.333333336,7.3
1,6.6,0.0,0.0,6.6,0.0,0.0,0.0,0.0,38000000.0,207283925.0,169283925.0,6.2
2,6.4,0.19999999999999973,-0.40000000000000036,6.2,2.0,2.0,0.39999999999999947,-0.39999999999999947,57000000.0,221817293.0,164817293.0,6.1
3,6.3,0.2160246899469286,-0.24999999999999964,6.1,3.0,5.0,0.5,-0.10000000000000053,66333333.333333336,200700959.33333334,134367626.0,6.5
4,6.35,0.206155281280883,-0.04000000000000051,6.5,3.0,8.0,0.5,0.40000000000000036,71000000.0,241316785.75,170316785.75,7.1
5,6.5,0.3521363372331801,0.13000000000000028,7.1,2.0,10.0,1.0,0.5999999999999996,81800000.0,318280963.6,236480963.60000002,6.7
6,6.533333333333334,0.3299831645537222,0.10285714285714345,6.7,2.0,12.0,1.0,-0.39999999999999947,94833333.33333333,396680778.0,301847444.6666667,7.3
7,6.642857142857143,0.406578556307363,0.14642857142857155,7.3,2.0,14.0,1.2000000000000002,0.5999999999999996,108428571.42857143,555190575.4285715,446762004.0,6.8
1,6.6,0.0,0.0,6.6,0.0,0.0,0.0,0.0,21000000.0,43928932.0,22928932.0,6.2
2,6.4,0.19999999999999973,-0.40000000000000036,6.2,3.0,3.0,0.39999999999999947,-0.39999999999999947,26500000.0,64548285.5,38048285.5,5.9
3,6.233333333333334,0.28674417556808723,-0.350000000000001,5.9,3.0,6.0,0.6999999999999993,-0.2999999999999998,27666666.666666668,79358706.66666667,51692040.0,5.3
1,6.6,0.0,0.0,6.6,0.0,0.0,0.0,0.0,220000.0,2040920.0,1820920.0,6.8
2,6.699999999999999,0.10000000000000009,0.1999999999999993,6.8,3.0,3.0,0.20000000000000018,0.20000000000000018,3610000.0,13723182.5,10113182.5,6.2
1,6.4,0.0,0.0,6.4,0.0,0.0,0.0,0.0,550000.0,59754601.0,59204601.0,6.0
2,6.2,0.20000000000000018,-0.40000000000000124,6.0,1.0,1.0,0.40000000000000036,-0.40000000000000036,900000.0,40738688.5,39838688.5,5.7
3,6.033333333333334,0.2867441755680876,-0.3500000000000002,5.7,1.0,2.0,0.7000000000000002,-0.2999999999999998,1933333.3333333333,39389148.0,37455814.666666664,5.9
4,6.0,0.2549509756796393,-0.18000000000000085,5.9,2.0,4.0,0.7000000000000002,0.20000000000000018,2100000.0,37787081.0,35687081.0,5.1
5,5.82,0.42614551505325055,-0.26999999999999974,5.1,1.0,5.0,1.3000000000000007,-0.8000000000000007,2120000.0,34615748.4,32495748.4,5.7
6,5.800000000000001,0.39157800414902455,-0.17142857142857076,5.7,1.0,6.0,1.3000000000000007,0.6000000000000005,2266666.6666666665,32091799.833333332,29825133.166666664,5.3
7,5.728571428571429,0.4025429372458679,-0.1607142857142853,5.3,2.0,8.0,1.3000000000000007,-0.40000000000000036,2342857.1428571427,30245828.57142857,27902971.42857143,4.8
8,5.6125,0.48589479313942047,-0.18452380952380928,4.8,1.0,9.0,1.6000000000000005,-0.5,2675000.0,28215100.0,25540100.0,4.2
9,5.455555555555556,0.637897781973659,-0.22333333333333347,4.2,4.0,13.0,2.2,-0.5999999999999996,2711111.111111111,26850985.0,24139873.888888888,4.5
10,5.36,0.6696267617113283,-0.2145454545454545,4.5,8.0,21.0,2.2,0.2999999999999998,3540000.0,25861066.3,22321066.3,5.8
11,5.3999999999999995,0.6508735388970455,-0.1409090909090907,5.8,2.0,23.0,2.2,1.2999999999999998,5945454.545454546,33956317.54545455,28010863.0,5.7
1,6.8,0.0,0.0,6.8,0.0,0.0,0.0,0.0,15000000.0,8620929.0,-6379071.0,8.1
2,7.449999999999999,0.6499999999999999,1.299999999999998,8.1,5.0,5.0,1.2999999999999998,1.2999999999999998,17000000.0,140681925.5,123681925.5,6.4
3,7.099999999999999,0.7257180352359078,-0.2000000000000006,6.4,10.0,15.0,1.6999999999999993,-1.6999999999999993,40333333.333333336,211018706.33333334,170685373.0,6.7
4,6.999999999999999,0.6519202405202646,-0.20000000000000207,6.7,1.0,16.0,1.6999999999999993,0.2999999999999998,49750000.0,210563104.25,160813104.25,6.0
1,7.1,0.0,0.0,7.1,0.0,0.0,0.0,0.0,18000000.0,476684675.0,458684675.0,6.3
2,6.699999999999999,0.3999999999999999,-0.8000000000000007,6.3,2.0,2.0,0.7999999999999998,-0.7999999999999998,18000000.0,417838178.0,399838178.0,5.1
1,7.7,0.0,0.0,7.7,0.0,0.0,0.0,0.0,30000000.0,373554033.0,343554033.0,7.3
2,7.5,0.20000000000000018,-0.40000000000000124,7.3,4.0,4.0,0.40000000000000036,-0.40000000000000036,60000000.0,435460451.0,375460451.0,7.6
1,7.1,0.0,0.0,7.1,0.0,0.0,0.0,0.0,10700000.0,122200000.0,111500000.0,5.8
2,6.449999999999999,0.6499999999999999,-1.3000000000000016,5.8,4.0,4.0,1.2999999999999998,-1.2999999999999998,14850000.0,81598332.5,66748332.5,4.6
1,7.4,0.0,0.0,7.4,0.0,0.0,0.0,0.0,4000000.0,35976000.0,31976000.0,6.7
2,7.050000000000001,0.3500000000000001,-0.7000000000000011,6.7,5.0,5.0,0.7000000000000002,-0.7000000000000002,6500000.0,41106000.0,34606000.0,6.5
1,4.2,0.0,0.0,4.2,0.0,0.0,0.0,0.0,45000000.0,10667893.0,-34332107.0,5.2
2,4.7,0.5,0.9999999999999991,5.2,10.0,10.0,1.0,1.0,29500000.0,5771639.5,-23728360.5,5.1
1,7.5,0.0,0.0,7.5,0.0,0.0,0.0,0.0,8000000.0,441306145.0,433306145.0,4.5
2,6.0,1.5,-3.0000000000000013,4.5,4.0,4.0,3.0,-3.0,11000000.0,236027643.5,225027643.5,4.7
3,5.566666666666666,1.3695092389449424,-1.4,4.7,27.0,31.0,3.0,0.20000000000000018,34000000.0,183351957.66666666,149351957.66666666,4.8
1,7.0,0.0,0.0,7.0,0.0,0.0,0.0,0.0,3000000.0,22000000.0,19000000.0,6.1
2,6.55,0.4500000000000002,-0.9000000000000012,6.1,8.0,8.0,0.9000000000000004,-0.9000000000000004,2500000.0,33500000.0,31000000.0,6.1
3,6.3999999999999995,0.4242640687119287,-0.45000000000000107,6.1,3.0,11.0,0.9000000000000004,0.0,4666666.666666667,27981723.666666668,23315057.0,5.0
1,6.5,0.0,0.0,6.5,0.0,0.0,0.0,0.0,48000000.0,249348933.0,201348933.0,5.5
2,6.0,0.5,-1.0,5.5,3.0,3.0,1.0,-1.0,49000000.0,205400235.5,156400235.5,4.8
1,6.6,0.0,0.0,6.6,0.0,0.0,0.0,0.0,75000000.0,532680671.0,457680671.0,6.2
2,6.4,0.19999999999999973,-0.40000000000000036,6.2,3.0,3.0,0.39999999999999947,-0.39999999999999947,112500000.0,568290512.5,455790512.5,6.4
3,6.400000000000001,0.163299316185545,-0.1000000000000001,6.4,4.0,7.0,0.39999999999999947,0.20000000000000018,123333333.33333333,627834099.6666666,504500766.3333333,6.5
1,6.1,0.0,0.0,6.1,0.0,0.0,0.0,0.0,5000000.0,64282312.0,59282312.0,6.4
2,6.25,0.15000000000000036,0.29999999999999805,6.4,4.0,4.0,0.3000000000000007,0.3000000000000007,8000000.0,68530512.0,60530512.0,6.4
3,6.3,0.14142135623730984,0.14999999999999955,6.4,4.0,8.0,0.3000000000000007,0.0,12000000.0,84761765.0,72761765.0,6.0
1,6.4,0.0,0.0,6.4,0.0,0.0,0.0,0.0,33000000.0,102984862.0,69984862.0,6.1
2,6.25,0.15000000000000036,-0.3000000000000025,6.1,2.0,2.0,0.3000000000000007,-0.3000000000000007,39000000.0,116189848.5,77189848.5,6.1
3,6.2,0.14142135623730984,-0.15000000000000036,6.1,3.0,5.0,0.3000000000000007,0.0,41000000.0,126930587.33333333,85930587.33333333,5.8
4,6.1000000000000005,0.21213203435596445,-0.18000000000000085,5.8,3.0,8.0,0.6000000000000005,-0.2999999999999998,45750000.0,170254961.5,124504961.5,5.6
5,6.0,0.2756809750418046,-0.18999999999999995,5.6,2.0,10.0,0.8000000000000007,-0.20000000000000018,49600000.0,184235820.2,134635820.2,5.9
1,6.6,0.0,0.0,6.6,0.0,0.0,0.0,0.0,9000000.0,23936908.0,14936908.0,6.2
2,6.4,0.19999999999999973,-0.40000000000000036,6.2,4.0,4.0,0.39999999999999947,-0.39999999999999947,10500000.0,33715015.5,23215015.5,6.0
1,7.3,0.0,0.0,7.3,0.0,0.0,0.0,0.0,60000000.0,214034224.0,154034224.0,7.2
2,7.25,0.04999999999999982,-0.10000000000000231,7.2,2.0,2.0,0.09999999999999964,-0.09999999999999964,67500000.0,251267220.5,183767220.5,7.3
3,7.266666666666667,0.047140452079103,-7.944109290391275e-16,7.3,3.0,5.0,0.09999999999999964,0.09999999999999964,68333333.33333333,315119526.3333333,246786193.0,6.0
4,6.95,0.5499999999999999,-0.380000000000002,6.0,5.0,10.0,1.2999999999999998,-1.2999999999999998,83750000.0,305482879.25,221732879.25,5.9
1,5.8,0.0,0.0,5.8,0.0,0.0,0.0,0.0,37000000.0,392616625.0,355616625.0,5.6
2,5.699999999999999,0.10000000000000009,-0.20000000000000107,5.6,1.0,1.0,0.20000000000000018,-0.20000000000000018,43500000.0,551222043.5,507722043.5,5.9
3,5.766666666666666,0.12472191289246498,0.04999999999999985,5.9,1.0,2.0,0.3000000000000007,0.3000000000000007,51666666.666666664,600311811.3333334,548645144.6666667,5.8
4,5.7749999999999995,0.10897247358851707,0.029999999999999787,5.8,1.0,3.0,0.3000000000000007,-0.10000000000000053,66250000.0,628276822.5,562026822.5,6.1
1,6.2,0.0,0.0,6.2,0.0,0.0,0.0,0.0,10000000.0,100489151.0,90489151.0,5.5
2,5.85,0.3500000000000001,-0.7000000000000011,5.5,4.0,4.0,0.7000000000000002,-0.7000000000000002,6500000.0,73744575.5,67244575.5,5.8
3,5.833333333333333,0.2867441755680876,-0.2000000000000002,5.8,3.0,7.0,0.7000000000000002,0.2999999999999998,6333333.333333333,59163050.333333336,52829717.0,4.7
1,6.7,0.0,0.0,6.7,0.0,0.0,0.0,0.0,30000000.0,163644662.0,133644662.0,6.4
2,6.550000000000001,0.1499999999999999,-0.3000000000000007,6.4,1.0,1.0,0.2999999999999998,-0.2999999999999998,30000000.0,148796966.0,118796966.0,6.0
3,6.366666666666667,0.2867441755680876,-0.34999999999999976,6.0,1.0,2.0,0.7000000000000002,-0.40000000000000036,25333333.333333332,122001735.66666667,96668402.33333334,6.0
1,7.1,0.0,0.0,7.1,0.0,0.0,0.0,0.0,12000000.0,78756177.0,66756177.0,6.6
2,6.85,0.25,-0.5,6.6,3.0,3.0,0.5,-0.5,17500000.0,82843294.0,65343294.0,6.4
1,5.9,0.0,0.0,5.9,0.0,0.0,0.0,0.0,15000.0,193355800.0,193340800.0,5.7
2,5.800000000000001,0.10000000000000009,-0.20000000000000195,5.7,3.0,3.0,0.20000000000000018,-0.20000000000000018,1507500.0,185433916.0,183926416.0,5.9
3,5.833333333333333,0.09428090415820643,-3.9720546451956377e-16,5.9,1.0,4.0,0.20000000000000018,0.20000000000000018,2671666.6666666665,192190550.0,189518883.33333334,5.2
4,5.675,0.28613807855649,-0.19000000000000133,5.2,1.0,5.0,0.7000000000000002,-0.7000000000000002,3253750.0,179847410.5,176593660.5,5.2
5,5.58,0.31874754901018465,-0.19000000000000045,5.2,2.0,7.0,0.7000000000000002,0.0,3603000.0,161150402.8,157547402.8,5.0
1,6.6,0.0,0.0,6.6,0.0,0.0,0.0,0.0,20000000.0,79114085.0,59114085.0,5.8
2,6.199999999999999,0.3999999999999999,-0.7999999999999998,5.8,2.0,2.0,0.7999999999999998,-0.7999999999999998,19000000.0,89557042.5,70557042.5,5.0
1,7.0,0.0,0.0,7.0,0.0,0.0,0.0,0.0,3500000.0,28215918.0,24715918.0,6.5
2,6.75,0.25,-0.5,6.5,5.0,5.0,0.5,-0.5,7250000.0,44021623.0,36771623.0,6.0
1,7.6,0.0,0.0,7.6,0.0,0.0,0.0,0.0,200000.0,14500000.0,14300000.0,7.8
2,7.699999999999999,0.10000000000000009,0.1999999999999984,7.8,1.0,1.0,0.20000000000000018,0.20000000000000018,400000.0,14750000.0,14350000.0,8.1
1,6.6,0.0,0.0,6.6,0.0,0.0,0.0,0.0,55000000.0,330444045.0,275444045.0,6.1
2,6.35,0.25,-0.5000000000000009,6.1,4.0,4.0,0.5,-0.5,67500000.0,423543492.0,356043492.0,5.5
1,5.8,0.0,0.0,5.8,0.0,0.0,0.0,0.0,70000000.0,277448382.0,207448382.0,4.7
2,5.25,0.5499999999999998,-1.1000000000000005,4.7,3.0,3.0,1.0999999999999996,-1.0999999999999996,65000000.0,174261157.0,109261157.0,5.5
1,6.3,0.0,0.0,6.3,0.0,0.0,0.0,0.0,22000000.0,189833357.0,167833357.0,5.5
2,5.9,0.3999999999999999,-0.8000000000000007,5.5,8.0,8.0,0.7999999999999998,-0.7999999999999998,43500000.0,181344211.0,137844211.0,5.0
1,7.5,0.0,0.0,7.5,0.0,0.0,0.0,0.0,11715578.0,21888598.0,10173020.0,7.2
2,7.35,0.1499999999999999,-0.3000000000000007,7.2,2.0,2.0,0.2999999999999998,-0.2999999999999998,12309193.5,28944299.0,16635105.5,6.5
1,6.9,0.0,0.0,6.9,0.0,0.0,0.0,0.0,130000000.0,631744560.0,501744560.0,6.7
2,6.800000000000001,0.10000000000000009,-0.20000000000000107,6.7,3.0,3.0,0.20000000000000018,-0.20000000000000018,140000000.0,648718420.5,508718420.5,6.7
1,6.8,0.0,0.0,6.8,0.0,0.0,0.0,0.0,15000000.0,316360478.0,301360478.0,6.1
2,6.449999999999999,0.3500000000000001,-0.7000000000000011,6.1,3.0,3.0,0.7000000000000002,-0.7000000000000002,17500000.0,308162757.0,290662757.0,5.5
1,6.4,0.0,0.0,6.4,0.0,0.0,0.0,0.0,110000000.0,574480841.0,464480841.0,5.9
2,6.15,0.25,-0.5000000000000009,5.9,3.0,3.0,0.5,-0.5,130000000.0,493793505.5,363793505.5,6.1
1,6.9,0.0,0.0,6.9,0.0,0.0,0.0,0.0,90000000.0,589390539.0,499390539.0,6.1
2,6.5,0.40000000000000036,-0.8000000000000007,6.1,5.0,5.0,0.8000000000000007,-0.8000000000000007,115000000.0,515604671.0,400604671.0,6.3
1,7.1,0.0,0.0,7.1,0.0,0.0,0.0,0.0,69000000.0,543513985.0,474513985.0,7.0
2,7.05,0.04999999999999982,-0.09999999999999964,7.0,3.0,3.0,0.09999999999999964,-0.09999999999999964,72500000.0,757137935.0,684637935.0,6.4
3,6.833333333333333,0.3091206165165232,-0.34999999999999976,6.4,2.0,5.0,0.6999999999999993,-0.5999999999999996,73000000.0,890335610.6666666,817335610.6666666,6.2
1,6.7,0.0,0.0,6.7,0.0,0.0,0.0,0.0,12000000.0,114194847.0,102194847.0,6.5
2,6.6,0.10000000000000009,-0.20000000000000107,6.5,2.0,2.0,0.20000000000000018,-0.20000000000000018,17500000.0,132505773.5,115005773.5,6.6
3,6.599999999999999,0.08164965809277268,-0.049999999999999455,6.6,2.0,4.0,0.20000000000000018,0.09999999999999964,21666666.666666668,141434452.0,119767785.33333333,6.7
4,6.624999999999999,0.0829156197588851,0.009999999999999058,6.7,2.0,6.0,0.20000000000000018,0.10000000000000053,24500000.0,141193525.5,116693525.5,6.7
1,5.9,0.0,0.0,5.9,0.0,0.0,0.0,0.0,15000000.0,75700498.0,60700498.0,6.3
2,6.1,0.19999999999999973,0.3999999999999986,6.3,1.0,1.0,0.39999999999999947,0.39999999999999947,18000000.0,74058946.0,56058946.0,6.0
3,6.066666666666666,0.16996731711975932,0.049999999999999455,6.0,1.0,2.0,0.39999999999999947,-0.2999999999999998,19333333.333333332,75076689.33333333,55743356.0,6.1
1,7.2,0.0,0.0,7.2,0.0,0.0,0.0,0.0,35000000.0,459270619.0,424270619.0,6.2
2,6.7,0.5,-1.0,6.2,2.0,2.0,1.0,-1.0,57500000.0,356863302.5,299363302.5,6.0
1,5.5,0.0,0.0,5.5,0.0,0.0,0.0,0.0,35000000.0,147934180.0,112934180.0,5.3
2,5.4,0.10000000000000009,-0.20000000000000018,5.3,1.0,1.0,0.20000000000000018,-0.20000000000000018,36500000.0,133828769.0,97328769.0,4.7
3,5.166666666666667,0.33993463423951886,-0.39999999999999963,4.7,1.0,2.0,0.7999999999999998,-0.5999999999999996,37000000.0,154889840.0,117889840.0,4.4
1,6.6,0.0,0.0,6.6,0.0,0.0,0.0,0.0,120000000.0,461983149.0,341983149.0,5.8
2,6.199999999999999,0.3999999999999999,-0.7999999999999998,5.8,5.0,5.0,0.7999999999999998,-0.7999999999999998,160000000.0,510917772.5,350917772.5,6.6
1,6.7,0.0,0.0,6.7,0.0,0.0,0.0,0.0,80000000.0,457696359.0,377696359.0,5.9
2,6.300000000000001,0.3999999999999999,-0.8000000000000007,5.9,4.0,4.0,0.7999999999999998,-0.7999999999999998,102500000.0,502042232.0,399542232.0,6.5
3,6.366666666666667,0.33993463423951886,-0.1000000000000009,6.5,6.0,10.0,0.7999999999999998,0.5999999999999996,118333333.33333333,467311492.0,348978158.6666667,6.8
4,6.4750000000000005,0.3491060010942234,0.08999999999999912,6.8,5.0,15.0,0.8999999999999995,0.2999999999999998,125000000.0,524161964.0,399161964.0,7.1
1,6.8,0.0,0.0,6.8,0.0,0.0,0.0,0.0,33000000.0,244386864.0,211386864.0,6.4
2,6.6,0.19999999999999973,-0.40000000000000036,6.4,3.0,3.0,0.39999999999999947,-0.39999999999999947,61500000.0,295856333.0,234356333.0,6.1
1,7.4,0.0,0.0,7.4,0.0,0.0,0.0,0.0,300000.0,70000000.0,69700000.0,6.4
2,6.9,0.5,-1.0000000000000018,6.4,3.0,3.0,1.0,-1.0,1400000.0,47766909.0,46366909.0,5.0
3,6.266666666666667,0.9843215373488936,-1.199999999999999,5.0,1.0,4.0,2.4000000000000004,-1.4000000000000004,1766666.6666666667,36644606.0,34877939.333333336,5.9
4,6.175000000000001,0.8671072598012314,-0.590000000000001,5.9,6.0,10.0,2.4000000000000004,0.9000000000000004,2575000.0,31925643.75,29350643.75,5.3
5,6.000000000000001,0.8508818954473061,-0.470000000000001,5.3,1.0,11.0,2.4000000000000004,-0.6000000000000005,3060000.0,27868965.8,24808965.8,5.0
6,5.833333333333333,0.861523198888006,-0.41142857142857125,5.0,6.0,17.0,2.4000000000000004,-0.2999999999999998,3383333.3333333335,25743577.166666668,22360243.833333336,5.7
7,5.814285714285715,0.7989789402348324,-0.27142857142857113,5.7,3.0,20.0,2.4000000000000004,0.7000000000000002,5328571.428571428,29929028.714285713,24600457.285714284,4.5
1,6.5,0.0,0.0,6.5,0.0,0.0,0.0,0.0,16000000.0,247275374.0,231275374.0,4.1
2,5.3,1.2000000000000002,-2.4000000000000012,4.1,9.0,9.0,2.4000000000000004,-2.4000000000000004,17500000.0,143271444.5,125771444.5,5.4
1,7.3,0.0,0.0,7.3,0.0,0.0,0.0,0.0,4000000.0,14237000.0,10237000.0,5.8
2,6.55,0.75,-1.5000000000000009,5.8,3.0,3.0,1.5,-1.5,5100000.0,11721462.0,6621462.0,5.9
1,7.1,0.0,0.0,7.1,0.0,0.0,0.0,0.0,85000.0,30859000.0,30774000.0,5.8
2,6.449999999999999,0.6499999999999999,-1.3000000000000016,5.8,12.0,12.0,1.2999999999999998,-1.2999999999999998,2392500.0,19442436.0,17049936.0,3.9
3,5.599999999999999,1.3140268896284681,-1.6,3.9,8.0,20.0,3.1999999999999997,-1.9,1795000.0,13023590.0,11228590.0,5.3
1,6.4,0.0,0.0,6.4,0.0,0.0,0.0,0.0,38000000.0,120000000.0,82000000.0,7.0
2,6.7,0.2999999999999998,0.5999999999999988,7.0,2.0,2.0,0.5999999999999996,0.5999999999999996,42000000.0,135000000.0,93000000.0,6.3
3,6.566666666666666,0.30912061651652345,-0.05000000000000065,6.3,2.0,4.0,0.7000000000000002,-0.7000000000000002,51333333.333333336,129333333.33333333,78000000.0,6.1
1,7.4,0.0,0.0,7.4,0.0,0.0,0.0,0.0,150000000.0,385680446.0,235680446.0,7.4
2,7.4,0.0,0.0,7.4,4.0,4.0,0.0,0.0,170000000.0,426522846.0,256522846.0,6.6
1,6.5,0.0,0.0,6.5,0.0,0.0,0.0,0.0,125000000.0,767820459.0,642820459.0,6.5
2,6.5,0.0,-8.881784197001252e-16,6.5,3.0,3.0,0.0,0.0,137500000.0,562216949.0,424716949.0,5.7
1,6.3,0.0,0.0,6.3,0.0,0.0,0.0,0.0,4000000.0,29456000.0,25456000.0,6.4
2,6.35,0.050000000000000266,0.09999999999999964,6.4,4.0,4.0,0.10000000000000053,0.10000000000000053,8280000.0,36078000.0,27798000.0,5.3
1,7.0,0.0,0.0,7.0,0.0,0.0,0.0,0.0,35000000.0,411348924.0,376348924.0,6.6
2,6.8,0.20000000000000018,-0.40000000000000124,6.6,3.0,3.0,0.40000000000000036,-0.40000000000000036,57500000.0,345674462.0,288174462.0,5.2
3,6.266666666666667,0.771722460186015,-0.9000000000000001,5.2,3.0,6.0,1.7999999999999998,-1.3999999999999995,71666666.66666667,342626022.6666667,270959356.0,4.2
1,7.0,0.0,0.0,7.0,0.0,0.0,0.0,0.0,250000000.0,1021103568.0,771103568.0,7.6
2,7.3,0.2999999999999998,0.5999999999999996,7.6,1.0,1.0,0.5999999999999996,0.5999999999999996,250000000.0,989751784.0,739751784.0,7.1
1,6.1,0.0,0.0,6.1,0.0,0.0,0.0,0.0,4000000.0,1730000.0,-2270000.0,6.4
2,6.25,0.15000000000000036,0.29999999999999805,6.4,2.0,2.0,0.3000000000000007,0.3000000000000007,4250000.0,2599211.5,-1650788.5,5.6
1,7.7,0.0,0.0,7.7,0.0,0.0,0.0,0.0,2500000.0,5535405.0,3035405.0,7.6
2,7.65,0.050000000000000266,-0.10000000000000142,7.6,9.0,9.0,0.10000000000000053,-0.10000000000000053,2600000.0,10764010.0,8164010.0,7.3
1,6.0,0.0,0.0,6.0,0.0,0.0,0.0,0.0,80000000.0,274470394.0,194470394.0,6.1
2,6.05,0.04999999999999982,0.09999999999999787,6.1,2.0,2.0,0.09999999999999964,0.09999999999999964,90000000.0,293521908.5,203521908.5,6.1
1,7.4,0.0,0.0,7.4,0.0,0.0,0.0,0.0,140000000.0,585174222.0,445174222.0,6.6
2,7.0,0.40000000000000036,-0.8000000000000025,6.6,2.0,2.0,0.8000000000000007,-0.8000000000000007,170000000.0,604553776.5,434553776.5,6.8
1,6.6,0.0,0.0,6.6,0.0,0.0,0.0,0.0,140000000.0,370569774.0,230569774.0,7.6
2,7.1,0.5,1.0,7.6,3.0,3.0,1.0,1.0,155000000.0,542668173.0,387668173.0,7.1
1,6.9,0.0,0.0,6.9,0.0,0.0,0.0,0.0,75000000.0,691210692.0,616210692.0,7.4
2,7.15,0.25,0.4999999999999982,7.4,1.0,1.0,0.5,0.5,102500000.0,769317072.0,666817072.0,6.6
3,6.966666666666666,0.32998316455372245,-0.15000000000000113,6.6,1.0,2.0,0.8000000000000007,-0.8000000000000007,110000000.0,763578124.3333334,653578124.3333334,6.6
1,5.5,0.0,0.0,5.5,0.0,0.0,0.0,0.0,110000000.0,563749323.0,453749323.0,5.5
2,5.5,0.0,0.0,5.5,2.0,2.0,0.0,0.0,107500000.0,455591750.5,348091750.5,6.2
1,7.2,0.0,0.0,7.2,0.0,0.0,0.0,0.0,25000000.0,226830568.0,201830568.0,6.1
2,6.65,0.5500000000000003,-1.0999999999999996,6.1,4.0,4.0,1.1000000000000005,-1.1000000000000005,35000000.0,301485937.0,266485937.0,6.1
1,6.2,0.0,0.0,6.2,0.0,0.0,0.0,0.0,27000000.0,60527873.0,33527873.0,6.1
2,6.15,0.050000000000000266,-0.10000000000000231,6.1,4.0,4.0,0.10000000000000053,-0.10000000000000053,43500000.0,82853217.0,39353217.0,5.1
1,5.5,0.0,0.0,5.5,0.0,0.0,0.0,0.0,60000000.0,361366633.0,301366633.0,5.3
2,5.4,0.10000000000000009,-0.20000000000000018,5.3,2.0,2.0,0.20000000000000018,-0.20000000000000018,67500000.0,402253319.0,334753319.0,5.4
1,7.0,0.0,0.0,7.0,0.0,0.0,0.0,0.0,93000000.0,482860185.0,389860185.0,7.3
2,7.15,0.1499999999999999,0.2999999999999998,7.3,3.0,3.0,0.2999999999999998,0.2999999999999998,131500000.0,596752375.5,465252375.5,6.7
1,6.2,0.0,0.0,6.2,0.0,0.0,0.0,0.0,12000000.0,75781642.0,63781642.0,5.7
2,5.95,0.25,-0.5000000000000009,5.7,2.0,2.0,0.5,-0.5,15000000.0,70426027.0,55426027.0,6.2
1,7.2,0.0,0.0,7.2,0.0,0.0,0.0,0.0,30000000.0,199200000.0,169200000.0,6.4
2,6.800000000000001,0.3999999999999999,-0.7999999999999998,6.4,2.0,2.0,0.7999999999999998,-0.7999999999999998,37500000.0,188625793.5,151125793.5,6.4
3,6.666666666666667,0.3771236166328253,-0.4,6.4,2.0,4.0,0.7999999999999998,0.0,45666666.666666664,197713101.33333334,152046434.6666667,5.9
4,6.475,0.46569840025492887,-0.39000000000000057,5.9,8.0,12.0,1.2999999999999998,-0.5,51250000.0,196534826.0,145284826.0,5.9
1,6.0,0.0,0.0,6.0,0.0,0.0,0.0,0.0,3000000.0,89328627.0,86328627.0,6.6
2,6.3,0.2999999999999998,0.5999999999999983,6.6,1.0,1.0,0.5999999999999996,0.5999999999999996,6000000.0,99055737.0,93055737.0,6.1
1,5.8,0.0,0.0,5.8,0.0,0.0,0.0,0.0,24000000.0,16290976.0,-7709024.0,6.5
2,6.15,0.3500000000000001,0.6999999999999988,6.5,12.0,12.0,0.7000000000000002,0.7000000000000002,34500000.0,90737606.5,56237606.5,6.2
1,7.5,0.0,0.0,7.5,0.0,0.0,0.0,0.0,114000.0,30000000.0,29886000.0,7.4
2,7.45,0.04999999999999982,-0.10000000000000053,7.4,10.0,10.0,0.09999999999999964,-0.09999999999999964,382000.0,42500000.0,42118000.0,6.9
3,7.266666666666667,0.26246692913372693,-0.2999999999999991,6.9,7.0,17.0,0.5999999999999996,-0.5,1421333.3333333333,39666666.666666664,38245333.33333333,6.0
4,6.95,0.5937171043518958,-0.5000000000000011,6.0,20.0,37.0,1.5,-0.9000000000000004,4816000.0,41442650.5,36626650.5,5.4
1,6.9,0.0,0.0,6.9,0.0,0.0,0.0,0.0,85000000.0,288747895.0,203747895.0,6.2
2,6.550000000000001,0.3500000000000001,-0.7000000000000011,6.2,1.0,1.0,0.7000000000000002,-0.7000000000000002,97500000.0,291993048.0,194493048.0,5.9
1,6.2,0.0,0.0,6.2,0.0,0.0,0.0,0.0,150000000.0,373062864.0,223062864.0,6.3
2,6.25,0.04999999999999982,0.09999999999999964,6.3,4.0,4.0,0.09999999999999964,0.09999999999999964,135000000.0,394251768.5,259251768.5,7.6
